ID,Work Item Type,Title 1,Title 2,Description,Acceptance Criteria,Priority,Tags
,Feature,Client KYC checks,,"<p>Know-your-client checks for new corporate clients, improved with AI agents where they help.</p>",,2,requirements-studio; client-kyc-to-be
,User Story,,Request KYC documents,"<p><b>Story:</b> As an Onboarding Analyst, I want to send the KYC document request to the new client through the client portal, so that the client knows exactly which documents to send and where, helping us cut the time it takes to complete KYC for a new client.</p><p><b>Control:</b> Automated. Exception &#x27;No documents after 10 working days&#x27; goes to Engagement Manager<br><b>Change from today:</b> Automated by suggestion S01 (today: manual, ~10 min per case)</p><p><b>Edge cases and exceptions</b></p><ul><li>No documents after 10 working days: escalate; notify Engagement Manager</li><li>No documents after 10 working days puts onboarding on hold: see acceptance criterion</li></ul><p><b>Data</b></p><ul><li>Client (read): crm_id, legal_name, country_risk</li><li>KYC documents (write): photo_ids, proof_of_address, received_at</li></ul><p><b>Non-functional</b></p><ul><li>[security] KYC documents are visible only to onboarding and compliance</li><li>[audit] Every check, result and approval is kept as evidence for 5 years after the relationship ends</li><li>[volume] About 150 new clients a month, roughly double in April and May</li></ul><p><i>Generated by Requirements Studio from proc_client_kyc_to_be v12 (story_request_docs).</i></p>",<p><b>AC1 – No documents after 10 working days puts onboarding on hold</b> (edge case)</p><ul><li><b>Given</b> a client who has not sent their KYC documents 10 working days after the request</li><li><b>When</b> the daily overdue check runs</li><li><b>Then</b> the engagement manager is notified</li><li><b>And</b> onboarding for the client is set to on hold</li></ul><p><b>AC2 – Document request sent through the portal</b> (happy path)</p><ul><li><b>Given</b> a new client record in the CRM</li><li><b>When</b> KYC starts</li><li><b>Then</b> the client receives a portal request listing photo ID and proof of address for each director and owner</li><li><b>And</b> the request is due 5 working days after sending</li></ul>,1,requirements-studio; client-kyc-to-be; control-automated
,User Story,,Verify identity documents,"<p><b>Story:</b> As an Onboarding Analyst, I want to verify each identity document through the e-ID verification service API, so that identities are verified in minutes, not by hand, helping us cut the time it takes to complete KYC for a new client and focus analyst time on the cases that need a human.</p><p><b>Control:</b> Automated. Exception &#x27;ID check failed&#x27; goes to Onboarding Analyst<br><b>Change from today:</b> Automated by suggestion S03 (today: manual, ~20 min per case)</p><p><b>Edge cases and exceptions</b></p><ul><li>ID check failed: manual review; notify Onboarding Analyst</li><li>Failed ID check goes to an analyst: see acceptance criterion</li></ul><p><b>Data</b></p><ul><li>KYC documents (read): photo_ids, proof_of_address, received_at</li></ul><p><b>Non-functional</b></p><ul><li>[security] KYC documents are visible only to onboarding and compliance</li><li>[audit] Every check, result and approval is kept as evidence for 5 years after the relationship ends</li><li>[volume] About 150 new clients a month, roughly double in April and May</li></ul><p><i>Generated by Requirements Studio from proc_client_kyc_to_be v12 (story_verify_id).</i></p>",<p><b>AC1 – Failed ID check goes to an analyst</b> (edge case)</p><ul><li><b>Given</b> an expired passport for one director</li><li><b>When</b> the identity documents are verified</li><li><b>Then</b> the case is placed in the analyst&#x27;s queue with the reason</li><li><b>And</b> screening does not start until the analyst clears it</li></ul><p><b>AC2 – Valid ID is verified automatically</b> (happy path)</p><ul><li><b>Given</b> a valid passport for each director</li><li><b>When</b> the identity documents are verified</li><li><b>Then</b> a verification result is recorded for each director</li><li><b>And</b> the case moves on to screening</li></ul>,1,requirements-studio; client-kyc-to-be; control-automated
,User Story,,Screen client and owners,"<p><b>Story:</b> As an Onboarding Analyst, I want to screen the client and every director in one batch through the screening tool&#x27;s API, so that every client and owner is screened consistently in one go, helping us cut the time it takes to complete KYC for a new client and focus analyst time on the cases that need a human.</p><p><b>Control:</b> Automated + human review — reviewer: Onboarding Analyst (on exception). Checks: Each possible match is confirmed or cleared before the case moves on<br><b>Change from today:</b> Automated with review by suggestion S04 (today: manual, ~25 min per case)</p><p><b>Edge cases and exceptions</b></p><ul><li>Possible match is reviewed by an analyst: see acceptance criterion</li></ul><p><b>Data</b></p><ul><li>Client (read): crm_id, legal_name, country_risk</li><li>Screening result (write): sanctions_match, pep_match, adverse_media, match_score</li></ul><p><b>Non-functional</b></p><ul><li>[security] KYC documents are visible only to onboarding and compliance</li><li>[audit] Every check, result and approval is kept as evidence for 5 years after the relationship ends</li><li>[volume] About 150 new clients a month, roughly double in April and May</li></ul><p><b>Open questions</b></p><ul><li>What match score counts as a possible match that an analyst must review?</li></ul><p><i>Generated by Requirements Studio from proc_client_kyc_to_be v12 (story_screen).</i></p>",<p><b>AC1 – Clean screening moves on automatically</b> (happy path)</p><ul><li><b>Given</b> a client and owners with no possible matches</li><li><b>When</b> screening runs</li><li><b>Then</b> the screening result is saved to the client file</li><li><b>And</b> the case moves on to the risk rating</li></ul><p><b>AC2 – Possible match is reviewed by an analyst</b> (edge case)</p><ul><li><b>Given</b> a director with a possible PEP match</li><li><b>When</b> screening runs</li><li><b>Then</b> the case waits for an analyst to confirm or clear the match</li><li><b>And</b> the analyst&#x27;s decision and reason are saved</li></ul>,1,requirements-studio; client-kyc-to-be; control-hitl-review
,User Story,,Assign risk rating,"<p><b>Story:</b> As an Onboarding Analyst, I want to apply the KYC risk rating rule to the screening result and client country, and record the reason, so that every client gets the same rating for the same facts, helping us focus analyst time on the cases that need a human.</p><p><b>Control:</b> Automated<br><b>Change from today:</b> Automated by suggestion S05 (today: manual, ~10 min per case)</p><p><b>Edge cases and exceptions</b></p><ul><li>Sanctions match or PEP gives high risk: see acceptance criterion</li><li>Adverse media gives medium risk: see acceptance criterion</li></ul><p><b>Data</b></p><ul><li>Client (read): crm_id, legal_name, country_risk</li><li>Risk assessment (read/write): rating, reason, approved_by, approved_at</li><li>Screening result (read): sanctions_match, pep_match, adverse_media, match_score</li></ul><p><b>Non-functional</b></p><ul><li>[security] KYC documents are visible only to onboarding and compliance</li><li>[audit] Every check, result and approval is kept as evidence for 5 years after the relationship ends</li><li>[volume] About 150 new clients a month, roughly double in April and May</li></ul><p><i>Generated by Requirements Studio from proc_client_kyc_to_be v12 (story_risk_rate).</i></p>","<p><b>AC1 – Sanctions match or PEP gives high risk</b> (edge case)</p><ul><li><b>Given</b> a screening result where a director is a PEP</li><li><b>When</b> the risk rating is assigned</li><li><b>Then</b> the risk rating is high</li><li><b>And</b> the case goes to the MLRO for approval</li></ul><p><b>AC2 – Clean screening gives low risk</b> (happy path)</p><ul><li><b>Given</b> a screening result with no sanctions match, no PEP and no adverse media</li><li><b>And</b> the client&#x27;s country risk is standard</li><li><b>When</b> the risk rating is assigned</li><li><b>Then</b> the risk rating is low</li><li><b>And</b> the case goes straight to recording</li></ul><p><b>AC3 – Adverse media gives medium risk</b> (edge case)</p><ul><li><b>Given</b> a screening result with adverse media but no sanctions match or PEP</li><li><b>When</b> the risk rating is assigned</li><li><b>Then</b> the risk rating is medium</li><li><b>And</b> the case goes to an analyst for approval</li></ul>",1,requirements-studio; client-kyc-to-be; control-automated
,User Story,,Analyst approval of medium-risk client,"<p><b>Story:</b> As an Onboarding Analyst, I want to an analyst approves a medium-risk client, or escalates it to the MLRO, so that medium-risk clients get a person&#x27;s judgement before they&#x27;re accepted, helping us focus analyst time on the cases that need a human.</p><p><b>Control:</b> Approval gate — approver: Onboarding Analyst. Checks: The reason for the medium rating is understood and acceptable<br><b>Change from today:</b> Unchanged from today</p><p><b>Edge cases and exceptions</b></p><ul><li>Analyst escalates a medium-risk client to the MLRO: see acceptance criterion</li></ul><p><b>Data</b></p><ul><li>Risk assessment (read): rating, reason, approved_by, approved_at</li></ul><p><b>Non-functional</b></p><ul><li>[security] KYC documents are visible only to onboarding and compliance</li><li>[audit] Every check, result and approval is kept as evidence for 5 years after the relationship ends</li><li>[volume] About 150 new clients a month, roughly double in April and May</li></ul><p><i>Generated by Requirements Studio from proc_client_kyc_to_be v12 (story_analyst_review).</i></p>","<p><b>AC1 – Analyst approves a medium-risk client</b> (happy path)</p><ul><li><b>Given</b> a medium-risk client because of adverse media</li><li><b>When</b> the analyst approves the client with a reason</li><li><b>Then</b> the approval, approver and reason are saved</li><li><b>And</b> the outcome moves on to be recorded</li></ul><p><b>AC2 – Analyst escalates a medium-risk client to the MLRO</b> (edge case)</p><ul><li><b>Given</b> a medium-risk client the analyst is not comfortable accepting</li><li><b>When</b> the analyst rejects the client</li><li><b>Then</b> the case goes to the MLRO for approval with the analyst&#x27;s reason</li></ul>",1,requirements-studio; client-kyc-to-be; control-approval
,User Story,,MLRO approval of high-risk client,"<p><b>Story:</b> As a MLRO, I want to the MLRO decides whether to accept a high-risk client, so that only the MLRO can accept a high-risk client, helping us focus analyst time on the cases that need a human.</p><p><b>Control:</b> Approval gate — approver: MLRO. Checks: The client&#x27;s risk is acceptable to the firm<br><b>Change from today:</b> Unchanged from today</p><p><b>Edge cases and exceptions</b></p><ul><li>MLRO rejects a high-risk client: see acceptance criterion</li></ul><p><b>Data</b></p><ul><li>Risk assessment (read): rating, reason, approved_by, approved_at</li></ul><p><b>Non-functional</b></p><ul><li>[security] KYC documents are visible only to onboarding and compliance</li><li>[audit] Every check, result and approval is kept as evidence for 5 years after the relationship ends</li><li>[volume] About 150 new clients a month, roughly double in April and May</li></ul><p><i>Generated by Requirements Studio from proc_client_kyc_to_be v12 (story_mlro_approval).</i></p>","<p><b>AC1 – MLRO approves a high-risk client</b> (happy path)</p><ul><li><b>Given</b> a high-risk client because a director is a PEP</li><li><b>When</b> the MLRO approves the client</li><li><b>Then</b> the approval, approver and date are saved</li><li><b>And</b> the outcome moves on to be recorded</li></ul><p><b>AC2 – MLRO rejects a high-risk client</b> (edge case)</p><ul><li><b>Given</b> a high-risk client with a sanctions match</li><li><b>When</b> the MLRO rejects the client</li><li><b>Then</b> nothing is recorded as KYC complete</li><li><b>And</b> the engagement manager is asked to decline the client</li></ul>",1,requirements-studio; client-kyc-to-be; control-approval
,User Story,,Record KYC outcome,"<p><b>Story:</b> As an Onboarding Analyst, I want to write the KYC outcome to the CRM and file the documents and screening results to the client file, so that the evidence is on the client file without rekeying and onboarding can continue, helping us cut the time it takes to complete KYC for a new client.</p><p><b>Control:</b> Automated. Exception &#x27;CRM unavailable&#x27; goes to Onboarding Analyst<br><b>Change from today:</b> Automated by suggestion S06 (today: manual, ~15 min per case)</p><p><b>Edge cases and exceptions</b></p><ul><li>CRM unavailable: manual review; notify Onboarding Analyst</li><li>CRM outage retries, then goes to an analyst: see acceptance criterion</li></ul><p><b>Data</b></p><ul><li>KYC documents (read): photo_ids, proof_of_address, received_at</li><li>Risk assessment (read): rating, reason, approved_by, approved_at</li><li>Screening result (read): sanctions_match, pep_match, adverse_media, match_score</li></ul><p><b>Non-functional</b></p><ul><li>[security] KYC documents are visible only to onboarding and compliance</li><li>[audit] Every check, result and approval is kept as evidence for 5 years after the relationship ends</li><li>[volume] About 150 new clients a month, roughly double in April and May</li></ul><p><i>Generated by Requirements Studio from proc_client_kyc_to_be v12 (story_record_kyc).</i></p>","<p><b>AC1 – CRM outage retries, then goes to an analyst</b> (edge case)</p><ul><li><b>Given</b> the CRM is unavailable when a KYC outcome is ready to record</li><li><b>When</b> the outcome is recorded</li><li><b>Then</b> recording is retried up to 3 times</li><li><b>And</b> after the third failure the case is placed in the analyst&#x27;s queue</li><li><b>And</b> nothing is marked KYC complete until the CRM write succeeds</li></ul><p><b>AC2 – KYC outcome and evidence recorded</b> (happy path)</p><ul><li><b>Given</b> a client whose rating is low, or approved where needed</li><li><b>When</b> the KYC outcome is recorded</li><li><b>Then</b> the CRM shows KYC complete with the rating</li><li><b>And</b> the documents, screening results and approvals are kept on the client file</li></ul>",1,requirements-studio; client-kyc-to-be; control-automated
,User Story,,Decline client,"<p><b>Story:</b> As an Engagement Manager, I want to decline the client because the risk is too high, so that the client hears the decision from their engagement manager, helping us cut the time it takes to complete KYC for a new client.</p><p><b>Control:</b> Human task<br><b>Change from today:</b> Unchanged from today</p><p><b>Non-functional</b></p><ul><li>[security] KYC documents are visible only to onboarding and compliance</li><li>[audit] Every check, result and approval is kept as evidence for 5 years after the relationship ends</li><li>[volume] About 150 new clients a month, roughly double in April and May</li></ul><p><i>Generated by Requirements Studio from proc_client_kyc_to_be v12 (story_decline).</i></p>",<p><b>AC1 – Engagement manager declines the client</b> (happy path)</p><ul><li><b>Given</b> a client the MLRO has rejected</li><li><b>When</b> the engagement manager declines the client</li><li><b>Then</b> the client is told the firm cannot act</li><li><b>And</b> the client record is marked declined</li></ul>,1,requirements-studio; client-kyc-to-be; control-human-task
,User Story,,Chase missing documents,"<p><b>Story:</b> As an Onboarding Analyst, I want to send the client a reminder on day 5, then every 3 working days until the documents arrive, so that late documents are chased without an analyst writing emails, helping us cut the time it takes to complete KYC for a new client and focus analyst time on the cases that need a human.</p><p><b>Control:</b> Automated<br><b>Change from today:</b> Automated by suggestion S02 (today: manual, ~30 min per case)</p><p><b>Data</b></p><ul><li>Client (read): crm_id, legal_name, country_risk</li></ul><p><b>Non-functional</b></p><ul><li>[security] KYC documents are visible only to onboarding and compliance</li><li>[audit] Every check, result and approval is kept as evidence for 5 years after the relationship ends</li><li>[volume] About 150 new clients a month, roughly double in April and May</li></ul><p><i>Generated by Requirements Studio from proc_client_kyc_to_be v12 (story_chase_docs).</i></p>",<p><b>AC1 – Reminders follow the agreed schedule</b> (happy path)</p><ul><li><b>Given</b> a client who has not sent their documents 5 working days after the request</li><li><b>When</b> the reminder schedule runs each working day</li><li><b>Then</b> a reminder is sent on day 5</li><li><b>And</b> a further reminder is sent every 3 working days until the documents arrive</li></ul>,2,requirements-studio; client-kyc-to-be; control-automated
