Story ID,Title,Priority,Control,As a,I want,So that,Acceptance criteria,Edge cases,Non-functional,Upstream,Downstream,Systems,Open questions,Change from today,DoR,Confidence
story_request_docs,Request KYC documents,must,Automated,Onboarding Analyst,to send the KYC document request to the new client through the client portal,"the client knows exactly which documents to send and where, helping us cut the time it takes to complete KYC for a new client","AC1 No documents after 10 working days puts onboarding on hold: Given a client who has not sent their KYC documents 10 working days after the request. When the daily overdue check runs. Then the engagement manager is notified. And onboarding for the client is set to on hold.
AC2 Document request sent through the portal: Given a new client record in the CRM. When KYC starts. Then the client receives a portal request listing photo ID and proof of address for each director and owner. And the request is due 5 working days after sending.","No documents after 10 working days
No documents after 10 working days puts onboarding on hold","KYC documents are visible only to onboarding and compliance
Every check, result and approval is kept as evidence for 5 years after the relationship ends
About 150 new clients a month, roughly double in April and May",story_chase_docs,"story_chase_docs, story_verify_id",Client portal,,"Automated by suggestion S01 (today: manual, ~10 min per case)",ready,0.95
story_verify_id,Verify identity documents,must,Automated,Onboarding Analyst,to verify each identity document through the e-ID verification service API,"identities are verified in minutes, not by hand, helping us cut the time it takes to complete KYC for a new client and focus analyst time on the cases that need a human","AC1 Failed ID check goes to an analyst: Given an expired passport for one director. When the identity documents are verified. Then the case is placed in the analyst's queue with the reason. And screening does not start until the analyst clears it.
AC2 Valid ID is verified automatically: Given a valid passport for each director. When the identity documents are verified. Then a verification result is recorded for each director. And the case moves on to screening.","ID check failed
Failed ID check goes to an analyst","KYC documents are visible only to onboarding and compliance
Every check, result and approval is kept as evidence for 5 years after the relationship ends
About 150 new clients a month, roughly double in April and May",story_request_docs,story_screen,e-ID verification service,,"Automated by suggestion S03 (today: manual, ~20 min per case)",ready,0.95
story_screen,Screen client and owners,must,Automated + human review,Onboarding Analyst,to screen the client and every director in one batch through the screening tool's API,"every client and owner is screened consistently in one go, helping us cut the time it takes to complete KYC for a new client and focus analyst time on the cases that need a human","AC1 Clean screening moves on automatically: Given a client and owners with no possible matches. When screening runs. Then the screening result is saved to the client file. And the case moves on to the risk rating.
AC2 Possible match is reviewed by an analyst: Given a director with a possible PEP match. When screening runs. Then the case waits for an analyst to confirm or clear the match. And the analyst's decision and reason are saved.",Possible match is reviewed by an analyst,"KYC documents are visible only to onboarding and compliance
Every check, result and approval is kept as evidence for 5 years after the relationship ends
About 150 new clients a month, roughly double in April and May",story_verify_id,story_risk_rate,Screening tool,What match score counts as a possible match that an analyst must review?,"Automated with review by suggestion S04 (today: manual, ~25 min per case)",ready,0.92
story_risk_rate,Assign risk rating,must,Automated,Onboarding Analyst,"to apply the KYC risk rating rule to the screening result and client country, and record the reason","every client gets the same rating for the same facts, helping us focus analyst time on the cases that need a human","AC1 Sanctions match or PEP gives high risk: Given a screening result where a director is a PEP. When the risk rating is assigned. Then the risk rating is high. And the case goes to the MLRO for approval.
AC2 Clean screening gives low risk: Given a screening result with no sanctions match, no PEP and no adverse media. And the client's country risk is standard. When the risk rating is assigned. Then the risk rating is low. And the case goes straight to recording.
AC3 Adverse media gives medium risk: Given a screening result with adverse media but no sanctions match or PEP. When the risk rating is assigned. Then the risk rating is medium. And the case goes to an analyst for approval.","Sanctions match or PEP gives high risk
Adverse media gives medium risk","KYC documents are visible only to onboarding and compliance
Every check, result and approval is kept as evidence for 5 years after the relationship ends
About 150 new clients a month, roughly double in April and May",story_screen,"story_analyst_review, story_mlro_approval, story_record_kyc",,,"Automated by suggestion S05 (today: manual, ~10 min per case)",ready,0.95
story_analyst_review,Analyst approval of medium-risk client,must,Approval gate,Onboarding Analyst,"to an analyst approves a medium-risk client, or escalates it to the MLRO","medium-risk clients get a person's judgement before they're accepted, helping us focus analyst time on the cases that need a human","AC1 Analyst approves a medium-risk client: Given a medium-risk client because of adverse media. When the analyst approves the client with a reason. Then the approval, approver and reason are saved. And the outcome moves on to be recorded.
AC2 Analyst escalates a medium-risk client to the MLRO: Given a medium-risk client the analyst is not comfortable accepting. When the analyst rejects the client. Then the case goes to the MLRO for approval with the analyst's reason.",Analyst escalates a medium-risk client to the MLRO,"KYC documents are visible only to onboarding and compliance
Every check, result and approval is kept as evidence for 5 years after the relationship ends
About 150 new clients a month, roughly double in April and May",story_risk_rate,"story_mlro_approval, story_record_kyc",,,Unchanged from today,ready,0.95
story_mlro_approval,MLRO approval of high-risk client,must,Approval gate,MLRO,to the MLRO decides whether to accept a high-risk client,"only the MLRO can accept a high-risk client, helping us focus analyst time on the cases that need a human","AC1 MLRO approves a high-risk client: Given a high-risk client because a director is a PEP. When the MLRO approves the client. Then the approval, approver and date are saved. And the outcome moves on to be recorded.
AC2 MLRO rejects a high-risk client: Given a high-risk client with a sanctions match. When the MLRO rejects the client. Then nothing is recorded as KYC complete. And the engagement manager is asked to decline the client.",MLRO rejects a high-risk client,"KYC documents are visible only to onboarding and compliance
Every check, result and approval is kept as evidence for 5 years after the relationship ends
About 150 new clients a month, roughly double in April and May","story_analyst_review, story_risk_rate","story_decline, story_record_kyc",,,Unchanged from today,ready,0.95
story_record_kyc,Record KYC outcome,must,Automated,Onboarding Analyst,to write the KYC outcome to the CRM and file the documents and screening results to the client file,"the evidence is on the client file without rekeying and onboarding can continue, helping us cut the time it takes to complete KYC for a new client","AC1 CRM outage retries, then goes to an analyst: Given the CRM is unavailable when a KYC outcome is ready to record. When the outcome is recorded. Then recording is retried up to 3 times. And after the third failure the case is placed in the analyst's queue. And nothing is marked KYC complete until the CRM write succeeds.
AC2 KYC outcome and evidence recorded: Given a client whose rating is low, or approved where needed. When the KYC outcome is recorded. Then the CRM shows KYC complete with the rating. And the documents, screening results and approvals are kept on the client file.","CRM unavailable
CRM outage retries, then goes to an analyst","KYC documents are visible only to onboarding and compliance
Every check, result and approval is kept as evidence for 5 years after the relationship ends
About 150 new clients a month, roughly double in April and May","story_analyst_review, story_mlro_approval, story_risk_rate",,"CRM, Shared drive",,"Automated by suggestion S06 (today: manual, ~15 min per case)",ready,0.95
story_decline,Decline client,must,Human task,Engagement Manager,to decline the client because the risk is too high,"the client hears the decision from their engagement manager, helping us cut the time it takes to complete KYC for a new client",AC1 Engagement manager declines the client: Given a client the MLRO has rejected. When the engagement manager declines the client. Then the client is told the firm cannot act. And the client record is marked declined.,,"KYC documents are visible only to onboarding and compliance
Every check, result and approval is kept as evidence for 5 years after the relationship ends
About 150 new clients a month, roughly double in April and May",story_mlro_approval,,,,Unchanged from today,ready,0.95
story_chase_docs,Chase missing documents,should,Automated,Onboarding Analyst,"to send the client a reminder on day 5, then every 3 working days until the documents arrive","late documents are chased without an analyst writing emails, helping us cut the time it takes to complete KYC for a new client and focus analyst time on the cases that need a human",AC1 Reminders follow the agreed schedule: Given a client who has not sent their documents 5 working days after the request. When the reminder schedule runs each working day. Then a reminder is sent on day 5. And a further reminder is sent every 3 working days until the documents arrive.,,"KYC documents are visible only to onboarding and compliance
Every check, result and approval is kept as evidence for 5 years after the relationship ends
About 150 new clients a month, roughly double in April and May",story_request_docs,story_request_docs,Client portal,,"Automated by suggestion S02 (today: manual, ~30 min per case)",ready,0.95
